category,description,detection_rule,confidence,presentation_bucket,false_positive_guard,examples
Primary navigation,Top-level municipal IA sections,"Primary-nav source evidence OR accepted homepage IA anchor OR stable first-segment municipal IA tokens",High,Navigation,"Do not override hard 404/error/system signals","Barn och utbildning; Omsorg och stöd; Kommun och politik"
Utility navigation,Tools and transactional shortcuts,"Title/path contains kontakt/kontakta/sok/webbkarta/tillganglighet/cookie/personuppgifter/logga-in/mina-sidor/sjalvservice/e-tjanster",Medium-High,Tools & information,"Keep if exact URL is protected primary-nav source","Självservice; E-tjänster och Mina sidor; Webbplatskarta"
News,News roots and article pages,"First segment/title contains nyhet/nyheter/news/pressmeddelanden OR dated news article path",High,Discovered content - News,"Keep only if baseline/source explicitly treats News as primary IA","Nyheter; Nyheter från Ystads kommun"
Events,Event feeds and event details,"First segment/title contains evenemang/event/kalender OR path contains evenemangsarkiv",High,Discovered content - Events,"Keep only if event section is explicitly primary and has broad children","Evenemang; Evenemangskalender; Konsert"
Archives,CMS archive/category roots,"Path contains /arkiv/ or nyhetsarkiv/evenemangsarkiv OR title starts Arkiv:/Archive:",High,Archives,"Keep only for documented public archive top-level section","Nyhetsarkiv; Arkiv: Evenemang; Driftmeddelanden"
System pages,Technical and generated helper pages,"Path/title contains search/sitemap/cookie/gdpr/om-webbplatsen/verktygsmeny/hjalpmeny/hidden CMS helper signatures",Medium-High,System/Tools,"Check Om kommunen vs Om <site>.se carefully","Om bjuv.se; Verktygsmeny; Cookie information"
Error pages,404/fallback pages,"Title/path contains 404/felsida/sidan kunde inte hittas/page-not-found/error/dolda-sidor with error-like title",Very High,System/Error,"None; hard demotion","Felsida; Sidan kunde inte hittas"
Duplicate content,Canonical aliases and repeated menu renderings,"Canonical URL collision after slash/query/.html/hash normalization OR same title+slug duplicated by desktop/mobile nav",High,Hidden alias or deduped child,"Keep one canonical display node","/barn-och-utbildning.html vs /barn-och-utbildning"
CMS helper pages,CMS-specific generated roots,"SiteVision .4.HASH helper/archive roots; SOL/Soleil duplicate nav; WordPress Arkiv: pages; Limepark overlay helper URLs",Medium-High,CMS helper/Discovered,"Use CMS-specific allowlists for real primary sections","/ovrigt; /hjalpmeny; .4.HASH.html"
